top5_avg,top10_avg,top15_avg,n_3plus_top10,n_3plus_top15,n_2plus_top10,n_zero_top10,config,time_s
0.6,1.26,1.7,7,11,17,11,BB3(0.99_0.95_0.7)_w0.7_0.2,0.1
0.6,1.18,1.72,6,13,17,14,BB(1.0_0.85)_w0.7,0.1
0.58,1.22,1.68,6,13,17,12,BB3(0.99_0.95_0.85)_w0.7_0.2,0.1
0.6,1.16,1.72,6,13,16,14,Freq+BB(0.85)_wf0.7,0.1
0.56,1.26,1.78,6,14,19,12,Freq+BB(0.95)_wf0.5,0.1
0.6,1.14,1.62,6,9,15,14,BB(1.0_0.7)_w0.8,0.1
0.7,1.18,1.64,5,11,14,11,BB(d=0.93),0.1
0.72,1.24,1.74,5,13,17,11,BB(0.95_0.85)_w0.7,0.1
0.6,1.2,1.78,5,14,17,12,BB3(0.99_0.95_0.85)_w0.6_0.25,0.1
0.66,1.22,1.7,5,12,17,12,BB(1.0_0.85)_w0.6,0.1
0.66,1.26,1.76,5,12,17,10,BB3(0.95_0.85_0.65)_w0.7_0.2,0.1
0.66,1.26,1.76,5,15,19,11,BB(0.99_0.7)_w0.7,0.1
0.62,1.2,1.74,5,14,18,14,BB(0.99_0.7)_w0.8,0.1
0.68,1.28,1.74,5,12,18,10,BB(0.95_0.85)_w0.6,0.1
0.72,1.2,1.72,5,11,16,12,BB(0.95_0.85)_w0.8,0.1
0.56,1.18,1.84,5,14,17,13,BB3(1.0_0.95_0.85)_w0.6_0.25,0.1
0.66,1.24,1.78,5,13,16,10,BB3(0.97_0.85_0.7)_w0.6_0.25,0.1
0.62,1.22,1.74,5,10,17,11,BB(1.0_0.7)_w0.6,0.1
0.7,1.2,1.76,5,12,17,12,BB(0.97_0.55)_w0.7,0.1
0.7,1.2,1.8,5,14,16,12,BB3(0.99_0.95_0.85)_w0.5_0.3,0.1
0.64,1.22,1.76,5,15,17,12,BB3(0.99_0.9_0.7)_w0.7_0.2,0.1
0.62,1.26,1.78,5,12,17,10,BB3(0.95_0.85_0.65)_w0.6_0.25,0.1
0.64,1.22,1.7,5,12,17,12,BB3(0.99_0.95_0.7)_w0.6_0.25,0.1
0.64,1.24,1.76,5,14,18,11,BB3(0.99_0.8_0.5)_w0.7_0.2,0.1
0.58,1.04,1.56,5,9,13,16,BB(d=0.99),0.1
0.62,1.22,1.74,5,14,17,12,BB3(0.99_0.95_0.7)_w0.5_0.3,0.1
0.66,1.08,1.72,5,14,15,17,BB(1.0_0.85)_w0.8,0.1
0.62,1.12,1.72,5,15,16,15,BB3(1.0_0.9_0.6)_w0.7_0.2,0.1
0.56,1.04,1.52,5,7,13,16,Freq+BB(0.99)_wf0.7,0.1
0.58,1.12,1.64,5,12,19,18,BB3(1.0_0.95_0.85)_w0.7_0.2,0.1
0.58,1.2,1.76,4,11,17,11,BB(0.99_0.7)_w0.5,0.1
0.54,1.04,1.52,4,7,13,15,BB(d=1.0),0.1
0.66,1.2,1.68,4,11,16,11,BB(d=0.9),0.1
0.68,1.14,1.78,4,10,17,14,BB(0.9_0.7)_w0.4,0.1
0.66,1.16,1.82,4,11,17,13,BB(0.9_0.7)_w0.5,0.1
0.58,1.22,1.76,4,9,18,12,BB(0.9_0.7)_w0.7,0.1
0.66,1.14,1.84,4,12,16,13,BB(0.92_0.65)_w0.6,0.1
0.58,1.16,1.84,4,12,17,13,BB(0.92_0.65)_w0.7,0.1
0.62,1.24,1.8,4,12,17,10,BB(0.92_0.65)_w0.8,0.1
0.6,1.22,1.74,4,14,19,12,BB(1.0_0.7)_w0.7,0.1
0.6,1.24,1.76,4,15,18,10,BB(0.99_0.6)_w0.7,0.1
0.66,1.22,1.72,4,10,17,11,BB(0.97_0.55)_w0.8,0.1
0.66,1.22,1.8,4,13,17,11,BB(0.99_0.7)_w0.6,0.1
0.54,1.04,1.52,4,7,13,15,Freq,0.1
0.6,1.22,1.62,4,14,19,12,BB(0.99_0.5)_w0.8,0.1
0.66,1.16,1.82,4,12,17,13,BB(d=0.8),0.1
0.64,1.16,1.72,4,13,17,13,BB(d=0.95),0.1
0.62,1.22,1.64,4,11,18,11,BB(d=0.96),0.1
0.62,1.2,1.6,4,10,18,12,BB(d=0.97),0.1
0.68,1.24,1.8,4,14,17,10,BB(0.97_0.8)_w0.6,0.1
0.7,1.12,1.84,4,12,15,14,BB(0.95_0.7)_w0.6,0.1
0.66,1.26,1.76,4,12,18,10,BB(0.95_0.7)_w0.8,0.1
0.68,1.18,1.74,4,10,16,11,BB(0.95_0.5)_w0.7,0.1
0.62,1.18,1.84,4,12,18,14,BB(0.97_0.8)_w0.4,0.1
0.64,1.2,1.74,4,11,15,10,BB(0.95_0.5)_w0.8,0.1
0.66,1.16,1.82,4,11,17,14,BB(0.97_0.8)_w0.2,0.1
0.6,1.2,1.76,4,10,19,14,BB(0.97_0.8)_w0.3,0.1
0.66,1.16,1.84,4,12,17,13,BB(0.95_0.7)_w0.5,0.1
0.64,1.16,1.84,4,12,17,13,BB(0.95_0.7)_w0.4,0.1
0.66,1.14,1.74,4,14,15,13,BB(0.99_0.85)_w0.7,0.1
0.66,1.24,1.8,4,12,17,10,BB(0.95_0.7)_w0.7,0.1
0.58,1.14,1.72,4,14,16,13,BB(0.99_0.85)_w0.8,0.1
0.68,1.26,1.72,4,12,18,10,BB(0.97_0.8)_w0.8,0.1
0.66,1.24,1.76,4,12,18,11,BB(0.97_0.8)_w0.7,0.1
0.62,1.18,1.76,4,14,16,12,BB3(0.99_0.9_0.7)_w0.6_0.25,0.1
0.64,1.16,1.84,4,13,16,12,BB3(0.99_0.8_0.5)_w0.5_0.3,0.1
0.5,1.08,1.48,4,8,15,15,Freq+BB(0.99)_wf0.3,0.1
0.68,1.18,1.84,4,13,17,12,BB3(0.95_0.8_0.55)_w0.5_0.3,0.1
0.66,1.14,1.84,4,12,16,14,BB3(0.95_0.85_0.65)_w0.5_0.25,0.1
0.7,1.2,1.82,4,12,16,11,BB3(0.95_0.8_0.55)_w0.6_0.25,0.1
0.68,1.18,1.84,4,13,17,13,BB3(0.97_0.85_0.7)_w0.5_0.25,0.1
0.74,1.22,1.8,4,13,18,11,BB3(1.0_0.9_0.6)_w0.5_0.3,0.1
0.66,1.16,1.82,4,12,17,13,BB3(0.95_0.85_0.65)_w0.33_0.33,0.1
0.68,1.2,1.82,4,13,17,12,BB3(0.99_0.95_0.7)_w0.4_0.3,0.1
0.72,1.18,1.84,4,14,17,12,BB3(1.0_0.85_0.65)_w0.5_0.3,0.1
0.64,1.22,1.8,4,14,18,12,BB3(0.99_0.95_0.7)_w0.5_0.25,0.1
0.7,1.2,1.82,4,13,17,12,BB3(0.99_0.95_0.7)_w0.33_0.33,0.1
0.68,1.14,1.72,4,13,15,12,BB3(1.0_0.85_0.65)_w0.7_0.2,0.1
0.62,1.22,1.82,4,11,17,11,BB3(0.95_0.85_0.65)_w0.5_0.3,0.1
0.7,1.12,1.8,4,14,15,13,BB3(1.0_0.85_0.65)_w0.6_0.25,0.1
0.66,1.16,1.82,4,12,17,13,BB3(0.95_0.85_0.65)_w0.4_0.3,0.1
0.66,1.16,1.82,4,12,17,14,BB3(0.97_0.85_0.7)_w0.4_0.3,0.1
0.64,1.18,1.8,4,12,17,13,BB3(0.97_0.85_0.7)_w0.33_0.33,0.1
0.66,1.16,1.82,4,11,18,14,BB(0.85_0.55)_w0.8,0.1
0.7,1.18,1.8,4,13,17,13,BB3(0.99_0.9_0.7)_w0.4_0.3,0.1
0.68,1.22,1.8,4,14,16,10,BB3(0.99_0.95_0.85)_w0.5_0.25,0.1
0.62,1.22,1.74,4,11,16,10,BB(0.95_0.55)_w0.8,0.1
0.68,1.22,1.78,4,12,17,10,BB(0.95_0.55)_w0.7,0.1
0.66,1.22,1.78,4,13,18,12,BB3(0.99_0.9_0.7)_w0.5_0.3,0.1
0.6,1.12,1.78,4,10,16,14,BB(0.9_0.7)_w0.6,0.1
0.58,1.24,1.66,4,15,18,10,BB(0.99_0.6)_w0.8,0.1
0.64,1.24,1.78,4,12,17,10,BB3(0.95_0.8_0.55)_w0.7_0.2,0.1
0.7,1.18,1.84,4,13,17,12,BB3(0.95_0.8_0.55)_w0.5_0.25,0.1
0.58,1.18,1.76,4,14,17,12,Freq+BB(0.95)_wf0.3,0.1
0.6,1.2,1.72,4,14,18,12,Freq+BB(0.7)_wf0.7,0.1
0.62,1.2,1.78,4,12,18,12,BB3(0.99_0.8_0.5)_w0.6_0.25,0.1
0.56,1.08,1.6,4,12,19,19,Freq+BB(0.95)_wf0.7,0.1
0.68,1.24,1.74,4,12,17,10,BB3(0.97_0.85_0.7)_w0.7_0.2,0.1
0.7,1.18,1.8,4,13,17,13,BB3(0.99_0.9_0.7)_w0.33_0.33,0.1
0.66,1.18,1.8,4,12,16,12,BB3(0.97_0.85_0.7)_w0.5_0.3,0.1
0.68,1.18,1.78,4,12,17,13,BB3(0.99_0.9_0.7)_w0.5_0.25,0.1
0.58,1.2,1.7,3,9,18,12,BB(d=0.85),0.1
0.56,1.26,1.76,3,10,20,10,BB(0.95_0.55)_w0.3,0.1
0.62,1.24,1.74,3,12,18,10,BB(0.95_0.85)_w0.3,0.1
0.64,1.24,1.72,3,12,18,10,BB(0.95_0.85)_w0.5,0.1
0.7,1.12,1.74,3,10,16,13,BB(0.95_0.7)_w0.2,0.1
0.68,1.14,1.76,3,10,18,14,BB(0.95_0.7)_w0.3,0.1
0.64,1.2,1.74,3,13,17,11,BB(0.99_0.85)_w0.6,0.1
0.6,1.22,1.74,3,11,18,11,BB(0.95_0.85)_w0.2,0.1
0.66,1.14,1.78,3,12,16,13,BB(0.97_0.8)_w0.5,0.1
0.56,1.22,1.82,3,11,19,11,BB(0.95_0.5)_w0.4,0.1
0.66,1.18,1.86,3,14,17,11,BB(0.95_0.5)_w0.6,0.1
0.62,1.24,1.76,3,13,17,9,BB(0.95_0.85)_w0.4,0.1
0.64,1.26,1.76,3,11,18,9,BB(0.99_0.85)_w0.3,0.1
0.68,1.18,1.74,3,11,17,11,BB(0.99_0.7)_w0.2,0.1
0.52,1.3,1.74,3,10,22,10,BB(d=0.6),0.1
0.58,1.26,1.76,3,10,20,10,BB(d=0.65),0.1
0.68,1.14,1.72,3,10,17,13,BB(d=0.75),0.1
0.64,1.12,1.72,3,10,15,12,BB(0.99_0.7)_w0.3,0.1
0.56,1.24,1.74,3,10,19,10,BB(0.99_0.5)_w0.5,0.1
0.6,1.18,1.72,3,10,17,11,BB(0.99_0.7)_w0.4,0.1
0.62,1.26,1.72,3,9,18,9,BB(0.99_0.85)_w0.2,0.1
0.66,1.26,1.72,3,11,18,9,BB(0.99_0.85)_w0.4,0.1
0.56,1.24,1.78,3,15,20,11,BB(0.99_0.5)_w0.7,0.1
0.56,1.26,1.78,3,10,20,10,BB(0.95_0.5)_w0.3,0.1
0.56,1.2,1.88,3,13,19,12,BB(0.95_0.5)_w0.5,0.1
0.66,1.2,1.72,3,12,18,12,BB(0.99_0.85)_w0.5,0.1
0.62,1.22,1.7,3,9,19,11,BB(d=0.7),0.1
0.6,1.06,1.66,3,11,15,15,BB(d=0.98),0.1
0.68,1.14,1.74,3,10,17,13,BB(0.9_0.7)_w0.2,0.1
0.64,1.14,1.76,3,10,16,12,BB(1.0_0.7)_w0.2,0.1
0.64,1.22,1.8,3,12,18,11,BB(0.9_0.7)_w0.8,0.1
0.62,1.22,1.68,3,9,16,9,BB(1.0_0.85)_w0.3,0.1
0.62,1.24,1.7,3,9,17,9,BB(1.0_0.85)_w0.2,0.1
0.58,1.22,1.74,3,10,18,10,BB(1.0_0.7)_w0.4,0.1
0.6,1.2,1.82,3,11,19,12,BB(0.95_0.55)_w0.4,0.1
0.54,1.3,1.72,3,9,22,10,BB(0.95_0.55)_w0.2,0.1
0.72,1.2,1.78,3,12,17,11,BB3(0.99_0.95_0.85)_w0.4_0.3,0.1
0.7,1.18,1.84,3,13,16,11,BB3(0.99_0.95_0.85)_w0.33_0.33,0.1
0.68,1.14,1.86,3,14,16,12,BB(0.95_0.55)_w0.6,0.1
0.56,1.28,1.72,3,9,21,10,BB(0.99_0.6)_w0.2,0.1
0.56,1.28,1.74,3,9,21,10,BB(0.99_0.6)_w0.3,0.1
0.58,1.28,1.72,3,9,21,10,BB(0.99_0.6)_w0.4,0.1
0.56,1.24,1.7,3,8,19,10,BB(0.99_0.6)_w0.5,0.1
0.6,1.2,1.8,3,13,18,11,BB(0.99_0.6)_w0.6,0.1
0.68,1.14,1.76,3,9,17,13,BB(0.85_0.55)_w0.6,0.1
0.68,1.1,1.82,3,11,16,14,BB(0.85_0.55)_w0.7,0.1
0.54,1.26,1.76,3,10,20,10,BB(0.97_0.55)_w0.3,0.1
0.56,1.18,1.68,3,9,17,11,BB(1.0_0.7)_w0.5,0.1
0.62,1.14,1.74,3,10,16,12,BB(1.0_0.7)_w0.3,0.1
0.66,1.14,1.76,3,10,17,13,BB(0.9_0.7)_w0.3,0.1
0.68,1.24,1.7,3,10,17,9,BB(1.0_0.85)_w0.4,0.1
0.7,1.26,1.66,3,10,17,8,BB(1.0_0.85)_w0.5,0.1
0.68,1.16,1.78,3,10,18,13,BB(0.92_0.65)_w0.4,0.1
0.7,1.18,1.76,3,10,18,12,BB(0.92_0.65)_w0.3,0.1
0.62,1.22,1.74,3,9,19,11,BB(0.92_0.65)_w0.2,0.1
0.66,1.14,1.82,3,11,17,13,BB(0.92_0.65)_w0.5,0.1
0.54,1.28,1.72,3,9,21,10,BB(0.85_0.55)_w0.2,0.1
0.62,1.24,1.72,3,9,20,11,BB(0.85_0.55)_w0.3,0.1
0.58,1.22,1.78,3,11,19,11,BB(0.85_0.55)_w0.4,0.1
0.66,1.16,1.76,3,10,17,12,BB(0.85_0.55)_w0.5,0.1
0.64,1.12,1.8,3,12,16,13,BB3(1.0_0.85_0.65)_w0.33_0.33,0.1
0.64,1.14,1.8,3,14,16,12,BB3(1.0_0.85_0.65)_w0.5_0.25,0.1
0.68,1.18,1.86,3,12,18,12,BB3(0.95_0.8_0.55)_w0.4_0.3,0.1
0.64,1.22,1.76,3,11,18,10,BB3(0.99_0.8_0.5)_w0.4_0.3,0.1
0.6,1.12,1.78,3,11,15,12,BB3(1.0_0.9_0.6)_w0.4_0.3,0.1
0.66,1.12,1.82,3,13,16,13,BB3(1.0_0.9_0.6)_w0.33_0.33,0.1
0.64,1.2,1.9,3,13,19,12,BB(0.95_0.55)_w0.5,0.1
0.54,1.3,1.74,3,9,22,10,BB(0.97_0.55)_w0.2,0.1
0.66,1.2,1.84,3,13,19,12,BB(0.97_0.55)_w0.6,0.1
0.58,1.16,1.82,3,11,18,13,BB(0.97_0.55)_w0.5,0.1
0.56,1.22,1.8,3,11,19,11,BB(0.97_0.55)_w0.4,0.1
0.62,1.12,1.76,3,11,16,13,BB3(1.0_0.85_0.65)_w0.4_0.3,0.1
0.64,1.22,1.74,3,14,18,11,BB3(1.0_0.95_0.85)_w0.4_0.3,0.1
0.62,1.2,1.72,3,13,18,12,BB3(1.0_0.95_0.85)_w0.5_0.3,0.1
0.68,1.18,1.7,3,12,17,12,BB3(1.0_0.95_0.85)_w0.33_0.33,0.1
0.6,1.16,1.68,3,12,17,13,BB3(1.0_0.95_0.85)_w0.5_0.25,0.1
0.7,1.26,1.66,3,10,17,8,Freq+BB(0.85)_wf0.5,0.1
0.58,0.96,1.5,3,7,13,18,Freq+BB(0.99)_wf0.5,0.1
0.62,1.16,1.76,3,10,16,11,BB3(0.99_0.8_0.5)_w0.33_0.33,0.1
0.6,1.2,1.8,3,12,17,10,BB3(0.99_0.8_0.5)_w0.5_0.25,0.1
0.62,1.14,1.74,3,10,16,12,Freq+BB(0.7)_wf0.3,0.1
0.64,1.22,1.7,3,10,16,9,Freq+BB(0.85)_wf0.3,0.1
0.64,1.16,1.78,3,12,17,12,BB3(1.0_0.9_0.6)_w0.5_0.25,0.1
0.68,1.14,1.84,3,12,17,13,BB3(0.95_0.8_0.55)_w0.33_0.33,0.1
0.56,1.18,1.68,3,9,17,11,Freq+BB(0.7)_wf0.5,0.1
0.56,1.26,1.7,2,10,21,10,BB(0.99_0.5)_w0.2,0.1
0.56,1.28,1.74,2,9,22,10,BB(0.95_0.5)_w0.2,0.1
0.56,1.26,1.72,2,10,22,11,BB(d=0.5),0.1
0.56,1.26,1.76,2,9,21,10,BB(0.99_0.5)_w0.3,0.1
0.56,1.26,1.76,2,9,21,10,BB(0.99_0.5)_w0.4,0.1
0.58,1.2,1.74,2,12,18,10,BB(0.99_0.5)_w0.6,0.1
0.68,1.14,1.7,2,13,16,11,BB3(1.0_0.9_0.6)_w0.6_0.25,0.1
