top10_5of5,top12_5of5,top15_5of5,top20_5of5,top25_5of5,top30_5of5,top40_5of5,top45_5of5,top10_3plus,top12_3plus,top15_3plus,top20_3plus,top25_3plus,top30_3plus,top40_3plus,top45_3plus,config
0,0,0,0,1,4,21,36,3,4,10,22,30,36,49,50,"PB(w50,d0.85,nl3,pw0.2)"
0,0,0,0,1,3,21,36,3,6,13,24,30,37,49,50,"PB(w50,d0.85,nl3,pw0.3)"
0,0,0,0,0,3,22,35,5,8,11,21,29,37,48,50,"PB(w50,d0.85,nl3,pw0.4)"
0,0,0,0,2,4,21,37,3,4,12,21,32,38,49,50,"PB(w50,d0.85,nl5,pw0.2)"
0,0,0,0,2,3,23,38,3,7,12,22,31,37,49,50,"PB(w50,d0.85,nl5,pw0.3)"
0,0,0,0,2,3,23,38,3,6,10,19,30,36,47,50,"PB(w50,d0.85,nl5,pw0.4)"
0,0,0,0,2,6,20,36,3,5,11,20,31,37,49,50,"PB(w50,d0.85,nl7,pw0.2)"
0,0,0,0,1,5,22,37,2,5,14,22,31,36,49,50,"PB(w50,d0.85,nl7,pw0.3)"
0,0,0,0,1,4,22,37,4,7,13,22,31,36,49,50,"PB(w50,d0.85,nl7,pw0.4)"
0,0,0,0,0,4,20,36,5,7,12,21,26,36,49,50,"PB(w50,d0.92,nl3,pw0.2)"
0,0,0,0,0,4,22,37,5,8,12,20,28,35,47,50,"PB(w50,d0.92,nl3,pw0.3)"
0,0,0,0,0,5,25,37,4,8,11,21,29,36,47,50,"PB(w50,d0.92,nl3,pw0.4)"
0,0,0,0,0,5,21,35,5,7,11,20,29,36,49,50,"PB(w50,d0.92,nl5,pw0.2)"
0,0,0,0,0,5,24,36,6,7,12,20,28,35,49,50,"PB(w50,d0.92,nl5,pw0.3)"
0,0,0,0,0,6,23,37,4,7,12,20,25,32,48,50,"PB(w50,d0.92,nl5,pw0.4)"
0,0,0,0,0,5,20,36,5,7,11,21,28,37,49,50,"PB(w50,d0.92,nl7,pw0.2)"
0,0,0,0,0,4,22,36,6,7,12,21,28,37,49,50,"PB(w50,d0.92,nl7,pw0.3)"
0,0,0,0,0,3,23,37,4,7,13,22,29,35,48,50,"PB(w50,d0.92,nl7,pw0.4)"
0,0,0,0,0,2,25,39,6,7,13,23,25,34,48,50,"PB(w50,d0.95,nl3,pw0.2)"
0,0,0,0,0,3,26,38,5,6,9,21,25,33,47,50,"PB(w50,d0.95,nl3,pw0.3)"
0,0,0,0,0,4,28,38,5,7,9,19,27,33,47,50,"PB(w50,d0.95,nl3,pw0.4)"
0,0,0,0,0,4,23,35,5,7,12,21,27,35,47,50,"PB(w50,d0.95,nl5,pw0.2)"
0,0,0,0,0,5,24,37,4,5,10,22,27,35,48,50,"PB(w50,d0.95,nl5,pw0.3)"
0,0,0,0,0,3,24,38,3,5,9,20,28,35,48,50,"PB(w50,d0.95,nl5,pw0.4)"
0,0,0,0,1,3,23,35,3,7,13,22,27,36,47,50,"PB(w50,d0.95,nl7,pw0.2)"
0,0,0,0,0,3,23,36,3,6,12,21,28,37,47,50,"PB(w50,d0.95,nl7,pw0.3)"
0,0,0,0,0,5,24,38,3,5,9,22,28,36,48,50,"PB(w50,d0.95,nl7,pw0.4)"
0,0,0,0,1,3,25,40,3,7,11,21,28,34,48,50,"PB(w50,d0.97,nl3,pw0.2)"
0,0,0,0,0,3,22,39,3,6,13,20,29,35,48,50,"PB(w50,d0.97,nl3,pw0.3)"
0,0,0,0,0,4,22,39,2,5,11,21,29,36,47,50,"PB(w50,d0.97,nl3,pw0.4)"
0,0,0,0,1,3,24,37,2,6,10,18,29,34,46,50,"PB(w50,d0.97,nl5,pw0.2)"
0,0,0,0,1,3,25,38,2,3,9,22,29,35,48,50,"PB(w50,d0.97,nl5,pw0.3)"
0,0,0,0,1,3,22,38,2,3,7,18,28,38,47,50,"PB(w50,d0.97,nl5,pw0.4)"
0,0,0,0,1,4,24,38,1,6,11,18,29,36,46,50,"PB(w50,d0.97,nl7,pw0.2)"
0,0,0,0,1,4,23,37,1,3,9,18,29,36,46,50,"PB(w50,d0.97,nl7,pw0.3)"
0,0,0,0,1,4,22,39,1,3,6,17,27,36,46,50,"PB(w50,d0.97,nl7,pw0.4)"
0,0,0,0,2,3,21,35,3,4,11,20,32,38,49,50,"PB(w80,d0.85,nl3,pw0.2)"
0,0,0,0,1,2,24,35,2,3,11,23,31,39,49,50,"PB(w80,d0.85,nl3,pw0.3)"
0,0,0,0,1,2,24,35,2,4,11,24,32,39,49,50,"PB(w80,d0.85,nl3,pw0.4)"
0,0,0,0,2,5,20,36,3,4,10,21,32,36,49,50,"PB(w80,d0.85,nl5,pw0.2)"
0,0,0,0,2,2,21,36,2,4,11,21,33,37,49,50,"PB(w80,d0.85,nl5,pw0.3)"
0,0,0,0,2,3,22,36,2,4,12,22,31,37,49,50,"PB(w80,d0.85,nl5,pw0.4)"
0,0,0,0,2,5,19,37,3,5,12,20,32,37,49,50,"PB(w80,d0.85,nl7,pw0.2)"
0,0,0,0,1,3,18,37,3,5,11,21,31,37,49,50,"PB(w80,d0.85,nl7,pw0.3)"
0,0,0,0,1,3,21,37,2,4,12,23,30,38,49,50,"PB(w80,d0.85,nl7,pw0.4)"
0,0,0,0,0,4,22,36,5,9,12,20,28,38,49,50,"PB(w80,d0.92,nl3,pw0.2)"
0,0,0,0,1,4,23,35,4,8,13,20,31,37,48,50,"PB(w80,d0.92,nl3,pw0.3)"
0,0,0,0,1,4,26,36,3,5,11,20,33,37,48,50,"PB(w80,d0.92,nl3,pw0.4)"
0,0,0,0,0,5,22,34,5,7,12,21,30,37,49,50,"PB(w80,d0.92,nl5,pw0.2)"
0,0,0,0,0,6,20,35,4,6,13,21,28,37,48,50,"PB(w80,d0.92,nl5,pw0.3)"
0,0,0,0,0,6,20,36,4,8,11,21,28,39,48,50,"PB(w80,d0.92,nl5,pw0.4)"
0,0,0,0,0,6,21,35,5,8,11,21,30,38,49,50,"PB(w80,d0.92,nl7,pw0.2)"
0,0,0,0,0,6,19,36,3,7,13,23,28,38,49,50,"PB(w80,d0.92,nl7,pw0.3)"
0,0,0,0,0,5,22,36,3,7,14,22,29,38,48,50,"PB(w80,d0.92,nl7,pw0.4)"
0,0,0,0,0,4,22,37,2,7,10,21,29,36,48,50,"PB(w80,d0.95,nl3,pw0.2)"
0,0,0,0,0,5,22,37,2,7,10,20,28,36,47,50,"PB(w80,d0.95,nl3,pw0.3)"
0,0,0,0,1,5,24,37,3,5,9,19,29,37,47,50,"PB(w80,d0.95,nl3,pw0.4)"
0,0,0,0,0,4,23,37,3,6,12,21,28,35,48,50,"PB(w80,d0.95,nl5,pw0.2)"
0,0,0,0,0,6,22,37,3,6,12,19,26,36,47,50,"PB(w80,d0.95,nl5,pw0.3)"
0,0,0,0,1,6,21,36,3,4,10,17,27,37,47,50,"PB(w80,d0.95,nl5,pw0.4)"
0,0,0,0,1,4,22,36,3,7,12,20,27,35,48,50,"PB(w80,d0.95,nl7,pw0.2)"
0,0,0,0,0,5,21,37,4,6,11,19,28,36,47,50,"PB(w80,d0.95,nl7,pw0.3)"
0,0,0,0,1,5,22,36,4,5,10,19,28,36,47,50,"PB(w80,d0.95,nl7,pw0.4)"
0,0,0,0,0,5,27,38,2,6,10,21,27,35,47,50,"PB(w80,d0.97,nl3,pw0.2)"
0,0,0,0,1,5,25,37,2,5,9,24,26,36,47,50,"PB(w80,d0.97,nl3,pw0.3)"
0,0,0,0,1,3,26,36,1,4,7,22,27,35,47,50,"PB(w80,d0.97,nl3,pw0.4)"
0,0,0,1,2,4,26,37,1,6,10,20,30,37,47,50,"PB(w80,d0.97,nl5,pw0.2)"
0,0,0,1,2,4,27,38,2,4,7,19,28,35,47,50,"PB(w80,d0.97,nl5,pw0.3)"
0,0,0,1,2,4,26,38,2,4,8,15,31,36,47,50,"PB(w80,d0.97,nl5,pw0.4)"
0,0,0,0,1,5,23,38,3,6,9,20,29,36,47,50,"PB(w80,d0.97,nl7,pw0.2)"
0,0,0,0,2,4,25,38,3,6,9,17,29,34,47,50,"PB(w80,d0.97,nl7,pw0.3)"
0,0,0,1,2,4,24,39,3,6,7,17,30,37,47,50,"PB(w80,d0.97,nl7,pw0.4)"
0,0,0,0,2,4,21,36,3,4,8,21,33,38,49,50,"PB(w100,d0.85,nl3,pw0.2)"
0,0,0,0,2,4,22,36,3,4,12,24,31,38,49,50,"PB(w100,d0.85,nl3,pw0.3)"
0,0,0,1,1,2,22,36,3,5,11,22,31,39,50,50,"PB(w100,d0.85,nl3,pw0.4)"
0,0,0,0,2,4,20,33,3,4,11,21,34,37,49,50,"PB(w100,d0.85,nl5,pw0.2)"
0,0,0,0,2,4,20,33,3,4,11,21,32,37,49,50,"PB(w100,d0.85,nl5,pw0.3)"
0,0,0,1,2,3,19,34,3,5,13,21,31,37,50,50,"PB(w100,d0.85,nl5,pw0.4)"
0,0,0,0,3,4,20,36,3,4,12,21,32,37,48,50,"PB(w100,d0.85,nl7,pw0.2)"
0,0,0,1,2,4,20,35,3,5,11,21,31,37,48,50,"PB(w100,d0.85,nl7,pw0.3)"
0,0,0,1,1,5,20,35,3,6,14,24,31,37,50,50,"PB(w100,d0.85,nl7,pw0.4)"
0,0,0,0,0,6,22,35,5,7,12,21,27,37,48,50,"PB(w100,d0.92,nl3,pw0.2)"
0,0,0,0,1,4,24,34,4,7,12,21,29,37,48,50,"PB(w100,d0.92,nl3,pw0.3)"
0,0,0,0,1,4,25,37,5,6,12,22,28,36,49,50,"PB(w100,d0.92,nl3,pw0.4)"
0,0,0,0,0,5,22,36,5,7,13,21,29,37,49,50,"PB(w100,d0.92,nl5,pw0.2)"
0,0,0,0,0,6,23,35,4,6,12,22,29,38,48,50,"PB(w100,d0.92,nl5,pw0.3)"
0,0,0,0,0,6,21,33,4,6,13,23,26,37,49,50,"PB(w100,d0.92,nl5,pw0.4)"
0,0,0,0,0,5,22,34,5,7,13,21,30,38,49,50,"PB(w100,d0.92,nl7,pw0.2)"
0,0,0,0,1,6,22,35,4,6,13,22,30,37,49,50,"PB(w100,d0.92,nl7,pw0.3)"
0,0,0,0,2,6,21,35,5,6,12,23,29,39,48,50,"PB(w100,d0.92,nl7,pw0.4)"
0,0,0,0,0,4,24,36,5,6,11,21,27,36,48,50,"PB(w100,d0.95,nl3,pw0.2)"
0,0,0,0,0,5,23,35,5,7,10,20,27,36,47,50,"PB(w100,d0.95,nl3,pw0.3)"
0,0,0,0,0,5,25,36,6,7,13,21,28,37,48,50,"PB(w100,d0.95,nl3,pw0.4)"
0,0,0,0,1,6,24,36,5,6,12,22,26,37,48,50,"PB(w100,d0.95,nl5,pw0.2)"
0,0,0,0,1,6,25,36,6,7,12,23,25,39,47,50,"PB(w100,d0.95,nl5,pw0.3)"
0,0,0,0,1,8,24,34,6,7,11,21,27,39,48,50,"PB(w100,d0.95,nl5,pw0.4)"
0,0,0,0,1,6,24,37,5,7,13,22,27,37,48,50,"PB(w100,d0.95,nl7,pw0.2)"
0,0,0,0,1,7,24,36,6,7,13,21,27,39,48,50,"PB(w100,d0.95,nl7,pw0.3)"
0,0,0,0,1,8,23,36,6,7,13,21,29,40,48,50,"PB(w100,d0.95,nl7,pw0.4)"
0,0,0,0,2,4,24,38,3,6,10,23,29,35,47,50,"PB(w100,d0.97,nl3,pw0.2)"
0,0,0,0,1,6,24,36,2,6,10,22,29,35,48,50,"PB(w100,d0.97,nl3,pw0.3)"
0,0,0,0,1,6,25,36,4,7,9,18,30,36,49,50,"PB(w100,d0.97,nl3,pw0.4)"
0,0,0,1,2,6,24,37,4,8,11,24,28,37,47,50,"PB(w100,d0.97,nl5,pw0.2)"
0,0,0,0,2,8,23,36,3,8,12,23,30,37,48,50,"PB(w100,d0.97,nl5,pw0.3)"
0,0,0,0,1,7,21,38,3,7,11,19,29,37,49,50,"PB(w100,d0.97,nl5,pw0.4)"
0,0,0,0,2,7,24,36,4,10,11,21,28,37,47,50,"PB(w100,d0.97,nl7,pw0.2)"
0,0,0,0,2,5,23,37,4,10,12,20,28,38,48,50,"PB(w100,d0.97,nl7,pw0.3)"
0,0,0,0,1,6,23,37,3,9,12,19,31,38,49,50,"PB(w100,d0.97,nl7,pw0.4)"
0,0,0,0,2,4,22,33,3,4,7,22,34,39,48,50,"PB(w150,d0.85,nl3,pw0.2)"
0,0,0,0,2,4,22,33,4,4,8,22,32,38,49,50,"PB(w150,d0.85,nl3,pw0.3)"
0,0,0,1,1,5,22,36,4,5,9,23,31,38,49,50,"PB(w150,d0.85,nl3,pw0.4)"
0,0,0,0,2,4,21,35,3,4,9,21,33,39,49,50,"PB(w150,d0.85,nl5,pw0.2)"
0,0,0,0,2,5,23,33,3,5,9,22,32,38,49,50,"PB(w150,d0.85,nl5,pw0.3)"
0,0,0,0,2,4,25,35,3,6,11,24,32,38,49,50,"PB(w150,d0.85,nl5,pw0.4)"
0,0,0,0,3,4,20,34,3,4,9,21,32,39,49,50,"PB(w150,d0.85,nl7,pw0.2)"
0,0,0,0,2,4,24,34,3,4,10,22,32,39,49,50,"PB(w150,d0.85,nl7,pw0.3)"
0,0,0,0,2,5,25,35,4,5,12,22,32,39,49,50,"PB(w150,d0.85,nl7,pw0.4)"
0,0,0,0,0,6,21,35,6,8,12,23,30,37,49,50,"PB(w150,d0.92,nl3,pw0.2)"
0,0,0,0,1,5,20,35,5,7,14,23,31,36,49,50,"PB(w150,d0.92,nl3,pw0.3)"
0,0,0,0,1,4,23,34,4,5,12,23,31,37,47,50,"PB(w150,d0.92,nl3,pw0.4)"
0,0,0,0,1,7,21,35,4,8,12,23,30,36,49,50,"PB(w150,d0.92,nl5,pw0.2)"
0,0,0,0,1,5,23,35,4,7,12,22,30,34,49,50,"PB(w150,d0.92,nl5,pw0.3)"
0,0,0,0,2,5,25,34,4,6,12,25,29,37,48,50,"PB(w150,d0.92,nl5,pw0.4)"
0,0,0,0,1,7,21,36,4,7,12,22,31,36,49,50,"PB(w150,d0.92,nl7,pw0.2)"
0,0,0,0,1,7,23,34,4,7,12,21,30,36,49,50,"PB(w150,d0.92,nl7,pw0.3)"
0,0,0,0,2,5,25,36,4,7,13,22,30,35,48,50,"PB(w150,d0.92,nl7,pw0.4)"
0,0,0,0,1,4,24,37,5,7,14,23,29,36,48,50,"PB(w150,d0.95,nl3,pw0.2)"
0,0,0,0,0,3,25,36,5,7,12,25,30,36,47,50,"PB(w150,d0.95,nl3,pw0.3)"
0,0,0,0,0,3,25,35,3,7,12,23,29,37,48,50,"PB(w150,d0.95,nl3,pw0.4)"
0,0,0,0,1,5,25,38,5,7,13,24,27,36,48,50,"PB(w150,d0.95,nl5,pw0.2)"
0,0,0,0,0,5,25,37,5,7,13,22,28,37,47,50,"PB(w150,d0.95,nl5,pw0.3)"
0,0,0,0,0,6,25,37,3,10,12,18,29,36,48,50,"PB(w150,d0.95,nl5,pw0.4)"
0,0,0,0,1,5,25,37,4,7,13,24,28,38,48,50,"PB(w150,d0.95,nl7,pw0.2)"
0,0,0,0,1,5,26,38,6,7,13,22,30,37,47,50,"PB(w150,d0.95,nl7,pw0.3)"
0,0,0,0,0,7,27,38,4,10,12,21,30,39,48,50,"PB(w150,d0.95,nl7,pw0.4)"
0,0,0,0,1,6,25,36,2,8,11,22,30,37,47,50,"PB(w150,d0.97,nl3,pw0.2)"
0,0,0,0,1,5,25,35,4,8,11,22,30,38,48,50,"PB(w150,d0.97,nl3,pw0.3)"
0,0,0,0,0,6,25,37,1,7,10,20,29,39,48,50,"PB(w150,d0.97,nl3,pw0.4)"
0,0,0,0,2,7,27,37,3,8,11,21,30,38,47,50,"PB(w150,d0.97,nl5,pw0.2)"
0,0,0,0,1,6,25,36,3,7,10,20,29,38,48,50,"PB(w150,d0.97,nl5,pw0.3)"
0,0,0,0,0,7,25,36,2,8,10,25,30,38,48,50,"PB(w150,d0.97,nl5,pw0.4)"
0,0,0,0,2,7,25,38,4,9,11,22,31,38,47,50,"PB(w150,d0.97,nl7,pw0.2)"
0,0,0,0,2,7,25,38,4,8,10,22,30,39,48,50,"PB(w150,d0.97,nl7,pw0.3)"
0,0,0,0,0,7,25,37,2,8,8,23,31,38,48,50,"PB(w150,d0.97,nl7,pw0.4)"
0,0,0,0,2,4,20,32,3,3,10,21,31,38,49,50,"PB(w200,d0.85,nl3,pw0.2)"
0,0,0,0,2,4,19,33,3,3,11,22,32,38,49,50,"PB(w200,d0.85,nl3,pw0.3)"
0,0,0,0,2,5,20,34,3,6,10,23,30,39,49,50,"PB(w200,d0.85,nl3,pw0.4)"
0,0,0,0,2,4,21,32,3,4,11,21,31,38,49,50,"PB(w200,d0.85,nl5,pw0.2)"
0,0,0,0,2,3,18,31,3,4,9,21,31,39,49,50,"PB(w200,d0.85,nl5,pw0.3)"
0,0,0,0,2,4,19,34,3,4,9,23,32,39,49,50,"PB(w200,d0.85,nl5,pw0.4)"
0,0,0,0,2,4,18,36,3,4,11,21,31,37,49,50,"PB(w200,d0.85,nl7,pw0.2)"
0,0,0,0,2,4,19,34,3,3,11,22,31,38,49,50,"PB(w200,d0.85,nl7,pw0.3)"
0,0,0,0,2,4,18,35,3,4,8,22,31,37,49,50,"PB(w200,d0.85,nl7,pw0.4)"
0,0,0,0,0,5,21,36,5,6,13,24,28,37,49,50,"PB(w200,d0.92,nl3,pw0.2)"
0,0,0,0,0,5,20,33,5,8,12,23,29,36,48,50,"PB(w200,d0.92,nl3,pw0.3)"
0,0,0,0,1,4,20,34,6,8,13,23,29,35,47,50,"PB(w200,d0.92,nl3,pw0.4)"
0,0,0,0,1,5,21,35,5,6,13,23,29,38,49,50,"PB(w200,d0.92,nl5,pw0.2)"
0,0,0,0,1,5,22,35,4,6,12,24,29,38,49,50,"PB(w200,d0.92,nl5,pw0.3)"
0,0,0,0,2,4,24,32,5,6,13,21,29,34,48,50,"PB(w200,d0.92,nl5,pw0.4)"
0,0,0,0,0,5,21,36,5,6,12,23,30,38,49,50,"PB(w200,d0.92,nl7,pw0.2)"
0,0,0,0,1,6,21,37,5,6,12,23,30,37,49,50,"PB(w200,d0.92,nl7,pw0.3)"
0,0,0,0,2,4,23,36,5,7,13,21,29,34,48,50,"PB(w200,d0.92,nl7,pw0.4)"
0,0,0,0,1,5,24,36,5,7,13,22,27,36,47,50,"PB(w200,d0.95,nl3,pw0.2)"
0,0,0,0,1,4,24,37,5,7,12,22,29,35,47,50,"PB(w200,d0.95,nl3,pw0.3)"
0,0,0,0,1,3,23,36,5,8,12,21,29,36,47,50,"PB(w200,d0.95,nl3,pw0.4)"
0,0,0,0,1,5,24,36,5,6,12,23,26,36,47,50,"PB(w200,d0.95,nl5,pw0.2)"
0,0,0,0,1,5,25,36,6,7,12,19,27,35,47,50,"PB(w200,d0.95,nl5,pw0.3)"
0,0,0,0,0,5,25,35,6,7,12,17,27,34,47,50,"PB(w200,d0.95,nl5,pw0.4)"
0,0,0,0,1,5,24,35,5,8,12,22,26,35,48,50,"PB(w200,d0.95,nl7,pw0.2)"
0,0,0,0,1,5,25,37,6,8,12,22,28,35,47,50,"PB(w200,d0.95,nl7,pw0.3)"
0,0,0,0,1,5,24,37,6,7,13,20,30,35,47,50,"PB(w200,d0.95,nl7,pw0.4)"
0,0,0,0,1,5,25,37,4,6,11,20,29,37,47,50,"PB(w200,d0.97,nl3,pw0.2)"
0,0,0,0,0,5,25,38,3,6,12,19,28,36,48,50,"PB(w200,d0.97,nl3,pw0.3)"
0,0,0,0,0,4,22,37,2,7,12,17,29,38,48,50,"PB(w200,d0.97,nl3,pw0.4)"
0,0,0,0,1,6,26,38,3,5,11,18,29,35,47,50,"PB(w200,d0.97,nl5,pw0.2)"
0,0,0,0,0,7,26,36,4,6,10,17,29,37,47,50,"PB(w200,d0.97,nl5,pw0.3)"
0,0,0,0,0,7,24,35,2,6,9,18,28,36,48,50,"PB(w200,d0.97,nl5,pw0.4)"
0,0,0,0,1,7,26,37,3,6,12,19,31,36,47,50,"PB(w200,d0.97,nl7,pw0.2)"
0,0,0,0,1,7,26,38,3,7,11,16,29,37,47,50,"PB(w200,d0.97,nl7,pw0.3)"
0,0,0,0,0,7,23,37,3,5,11,18,28,37,48,50,"PB(w200,d0.97,nl7,pw0.4)"
0,0,0,0,0,5,19,33,3,5,8,21,30,42,50,50,TripleCooc
